Id,Tags,experiment/dataset,experiment/estimator,experiment/est_params/embedding_dim,experiment/est_params/batch_size,experiment/est_params/learning_rate,train/n_epochs (last),summary/prec_train (last),summary/prec_valid (last),summary/prec_test (last),summary/mrr_train (last),summary/mrr_valid (last),summary/mrr_test (last),experiment/model_seed,summary/recall_train (last),summary/recall_valid (last),summary/recall_test (last)
LDAEXP-157,"[""success""]",movielens-1m,SNMFEst,4.0,128.0,0.001,73.0,0.4240562913907285,0.044947796850115025,0.04587335467805051,0.030075871962104834,0.04561779592196129,0.04626376876070726,2.764130162E9,0.06023064548124612,0.09415421064582587,0.09669228892149846
LDAEXP-153,"[""success""]",movielens-1m,NMFEst,32.0,64.0,0.001,19.0,0.33935430463576155,0.03179968147230579,0.032604055496264675,0.023587091519052562,0.03215542915849276,0.03296266725390831,3.12884541E9,0.04563976556736544,0.06380577937613514,0.06490155878066789
LDAEXP-152,"[""success""]",movielens-1m,MFEst,16.0,128.0,0.001,75.0,0.5288741721854305,0.06413024243496726,0.06236214870152971,0.03856976944836081,0.06521191561110633,0.06393247677027707,4.203564202E9,0.08000909475206627,0.13930798528794966,0.13334674953344228
LDAEXP-151,"[""success""]",movielens-1m,MFEst,32.0,128.0,0.001,83.0,0.5574172185430464,0.066501504158556,0.06579509071504802,0.041462074281386395,0.0680712692874382,0.06645210804349,4.203564202E9,0.08679795708597517,0.14459613519574,0.13989666985442234
LDAEXP-150,"[""success""]",movielens-1m,SNMFEst,16.0,128.0,0.001,99.0,0.5117218543046358,0.060467173951513006,0.059533973674848806,0.03716100960850815,0.06290098607537536,0.06152715084425861,3.12884541E9,0.07632138848844086,0.12791635760017067,0.12560561583169305
LDAEXP-145,"[""success""]",movielens-1m,NMFEst,16.0,64.0,0.001,20.0,0.33935430463576155,0.032224385064590334,0.0331376734258271,0.02362343907379759,0.03241413448446236,0.033139592746426944,3.12884541E9,0.04563976556736544,0.06506621854071934,0.06619993891118471
LDAEXP-144,"[""success""]",movielens-1m,MFEst,8.0,128.0,0.001,58.0,0.495364238410596,0.05800743231286499,0.05704375667022413,0.03511294973789224,0.05843216182292022,0.0590034243740004,2.764130162E9,0.07276978392192782,0.1232995837762289,0.12061268126936586
LDAEXP-143,"[""success""]",movielens-1m,MFEst,32.0,128.0,0.001,77.0,0.5536423841059602,0.06754556715625554,0.06488794023479189,0.04112315386802368,0.07048103672050669,0.06450595532854793,3.12884541E9,0.0858895640837256,0.14839290989719583,0.13859999952966767
LDAEXP-140,"[""success""]",movielens-1m,PopEst,,,,,0.339635761589404,0.03215360113254291,0.033084311632870865,0.02370560666001637,0.03285799284849647,0.03348818453651896,2.764130162E9,0.0455569867083523,0.06453161562965001,0.06590754557583513
LDAEXP-139,"[""success""]",movielens-1m,MFEst,4.0,64.0,0.001,46.0,0.4411920529801325,0.047849938064059454,0.047616506581287805,0.03094762097832039,0.049357141413390905,0.04754273500133067,4.203564202E9,0.06202260684724068,0.09737588367880247,0.09601862053357339
LDAEXP-134,"[""success""]",movielens-1m,SNMFEst,8.0,64.0,0.001,71.0,0.46433774834437086,0.05076977526101575,0.05112059765208111,0.0330626621761516,0.05293662640189676,0.05220813742386216,3.12884541E9,0.0664105412397633,0.10633564417199798,0.10600870151063688
LDAEXP-132,"[""success""]",movielens-1m,MFEst,4.0,128.0,0.001,54.0,0.4448013245033112,0.04868164926561671,0.04859480611881893,0.03133275547707803,0.04938598811772611,0.050211041463026136,2.764130162E9,0.0634044666959264,0.10185137279482892,0.10296042645483502
LDAEXP-131,"[""success""]",movielens-1m,MFEst,8.0,64.0,0.001,58.0,0.49150662251655625,0.056662537603963906,0.05522945570971185,0.035076058029606956,0.058294277480153936,0.05756348700578891,3.12884541E9,0.07208648867904423,0.11984527262647987,0.11612827381268177
LDAEXP-130,"[""success""]",movielens-1m,NMFEst,16.0,128.0,0.001,24.0,0.339635761589404,0.03224208104760219,0.03335112059765208,0.023601382714214428,0.0324209437459039,0.033350691735388974,4.203564202E9,0.0455569867083523,0.06525083265792737,0.066190864477319
LDAEXP-128,"[""success""]",movielens-1m,SNMFEst,32.0,128.0,0.001,99.0,0.5469370860927152,0.06651920014156786,0.06545713269299182,0.04003756199210633,0.06967783843116113,0.0665219054048258,3.12884541E9,0.08386652524906578,0.14391985264573914,0.13996273081826657
LDAEXP-126,"[""success""]",movielens-1m,MFEst,8.0,64.0,0.001,46.0,0.48816225165562915,0.0565386657228809,0.05485592315901815,0.03502181390805011,0.05667006019113665,0.05641288526679474,4.203564202E9,0.07169107677755795,0.11943608033495684,0.1165196663423375
LDAEXP-125,"[""success""]",movielens-1m,MFEst,8.0,128.0,0.001,61.0,0.49698675496688743,0.05728189700937887,0.05631447883315546,0.035712965600015495,0.05935421682697543,0.058240010317205645,4.203564202E9,0.07373807801454133,0.12272980857426856,0.11958449821586734
LDAEXP-124,"[""success""]",movielens-1m,SNMFEst,4.0,64.0,0.001,76.0,0.4152980132450331,0.04379755795434436,0.04402347918890075,0.029625453763997982,0.04331821506541317,0.04506560349908592,4.203564202E9,0.058526137186692244,0.08964120143674517,0.09119201119043759
LDAEXP-123,"[""success""]",movielens-1m,NMFEst,8.0,64.0,0.001,19.0,0.3387913907284768,0.032100513183507345,0.03306652436855211,0.02347829435852936,0.03248550110911401,0.03309699678702307,3.12884541E9,0.04548932648284489,0.06490698847592856,0.06566879316258965
LDAEXP-120,"[""success""]",movielens-1m,MFEst,32.0,64.0,0.001,67.0,0.5518046357615893,0.06595292868518847,0.06495908929206688,0.04099599512140447,0.06643280753487371,0.06788418101265481,4.203564202E9,0.08568866627653496,0.1431041868485199,0.14178203504227951
LDAEXP-119,"[""success""]",movielens-1m,SNMFEst,16.0,128.0,0.001,99.0,0.5185099337748345,0.06278534772606618,0.061205976520811105,0.037504598928663556,0.06305502976242448,0.06260131487363989,2.764130162E9,0.07791803965933497,0.1345224516991083,0.12900516403916357
LDAEXP-118,"[""success""]",movielens-1m,SNMFEst,16.0,64.0,0.001,92.0,0.5250993377483444,0.06379401875774199,0.06152614727854856,0.038002540822335305,0.06430446045788035,0.0629699695729381,4.203564202E9,0.07934777929181992,0.13630662857892156,0.13073316347025174
LDAEXP-117,"[""success""]",movielens-1m,MFEst,8.0,64.0,0.001,54.0,0.4935264900662252,0.05767120863563971,0.05649235147634294,0.035124397104183115,0.0581827149211097,0.059585211753720314,2.764130162E9,0.07271942877757141,0.12345429346673133,0.11992359696980696
LDAEXP-116,"[""success""]",movielens-1m,NMFEst,32.0,128.0,0.001,22.0,0.33658940397350995,0.032295168996637764,0.033155460690145855,0.023662058409944974,0.0327843546951371,0.033222729669478604,2.764130162E9,0.045302725610296204,0.06410874053248647,0.06701914939554994
LDAEXP-115,"[""success""]",movielens-1m,NMFEst,16.0,64.0,0.001,21.0,0.33857615894039733,0.03208281720049549,0.0332088224831021,0.02370448827811603,0.032912753102493815,0.03335962797792277,2.764130162E9,0.04527376327498717,0.06371010881063624,0.06602068856596348
LDAEXP-114,"[""success""]",movielens-1m,SNMFEst,4.0,128.0,0.001,76.0,0.3969039735099338,0.04045301716510353,0.04103521878335112,0.02827026187156661,0.041420288340511924,0.04132177763994912,3.12884541E9,0.05518503719945583,0.08256270724613132,0.08392699204399397
LDAEXP-113,"[""success""]",movielens-1m,MFEst,16.0,64.0,0.001,67.0,0.5288907284768212,0.06377632277473014,0.06270010672358592,0.03855796999561003,0.06386385135802763,0.06358435493765731,4.203564202E9,0.0803037241319373,0.13679691026136598,0.13418241046536508
LDAEXP-111,"[""success""]",movielens-1m,NMFEst,32.0,64.0,0.001,21.0,0.33658940397350995,0.03222438506459034,0.03322660974742085,0.023658244510309887,0.03264460204061468,0.033136804731771136,2.764130162E9,0.045302725610296204,0.06413220150598752,0.06675939830280556
LDAEXP-108,"[""success""]",movielens-1m,SNMFEst,4.0,128.0,0.001,91.0,0.4128476821192053,0.0438683418863918,0.04388118107435076,0.02939382171901899,0.04364539198697761,0.04429121004424597,4.203564202E9,0.05802045518241968,0.09076095932443587,0.09044323806894804
LDAEXP-106,"[""success""]",movielens-1m,SNMFEst,16.0,64.0,0.001,95.0,0.5221688741721854,0.06292691559016103,0.062024190679473505,0.03794124136204541,0.06352005543079121,0.0636912705500264,2.764130162E9,0.07876027981882078,0.1347298997010643,0.13174237448126763
LDAEXP-105,"[""success""]",movielens-1m,MFEst,16.0,128.0,0.001,74.0,0.5312748344370861,0.06462572995929923,0.06275346851654216,0.03862880589904565,0.06496182136804593,0.06445482848422511,2.764130162E9,0.08057271944471527,0.14017663311564824,0.13438861864406054
LDAEXP-104,"[""success""]",movielens-1m,MFEst,4.0,128.0,0.001,61.0,0.44152317880794706,0.047849938064059454,0.04847029526858769,0.03104854026954095,0.048818522369643874,0.048240820648414576,4.203564202E9,0.061892242869335645,0.09786757350176628,0.10049257962892397
LDAEXP-103,"[""success""]",movielens-1m,SNMFEst,4.0,64.0,0.001,58.0,0.39836092715231786,0.04013448947089011,0.04066168623265741,0.02827851396924441,0.040917781677755345,0.04191856343505586,3.12884541E9,0.055448355303233686,0.08186077483364793,0.08351526257431077
LDAEXP-100,"[""success""]",movielens-1m,MFEst,16.0,128.0,0.001,71.0,0.5303145695364239,0.0648026897894178,0.0629135538954109,0.038537161443739504,0.06529710407386016,0.06384929975350312,3.12884541E9,0.08035164046447069,0.1378223678110462,0.1336770163915333
LDAEXP-99,"[""success""]",movielens-1m,MFEst,32.0,128.0,0.001,89.0,0.5543377483443709,0.06722703946204212,0.06545713269299182,0.041534716433454334,0.06983760141110294,0.0674890868146761,2.764130162E9,0.08660576505307165,0.14709691775916253,0.1406772873402341
LDAEXP-98,"[""success""]",movielens-1m,SNMFEst,32.0,64.0,0.001,99.0,0.5535099337748344,0.06742169527517254,0.06615083600142298,0.04075956475022355,0.07031530643102381,0.0673054345734192,3.12884541E9,0.08560481782034489,0.1467914773794497,0.14223087151435315
LDAEXP-96,"[""success""]",movielens-1m,MFEst,8.0,128.0,0.001,58.0,0.49135761589403976,0.05650327375685721,0.05501600853788687,0.03497913985558718,0.05815180997511827,0.058279464335927025,3.12884541E9,0.07193882342696423,0.11960318959415805,0.11640779833180075
LDAEXP-94,"[""success""]",movielens-1m,SNMFEst,32.0,64.0,0.001,99.0,0.5490231788079469,0.06791718279950451,0.06570615439345429,0.040583316659302655,0.07005398014552036,0.06718261102226045,2.764130162E9,0.08498451894497573,0.1495237420622555,0.1416666912769891
LDAEXP-88,"[""success""]",movielens-1m,NMFEst,4.0,64.0,0.001,19.0,0.3338245033112583,0.032489824809768184,0.03303094983991462,0.02217929968760257,0.03052769765558996,0.03096421212952259,3.12884541E9,0.04506026488496333,0.06568666539676356,0.06628087673892082
LDAEXP-86,"[""success""]",movielens-1m,MFEst,4.0,128.0,0.001,56.0,0.42216887417218535,0.04436382941072377,0.04368552116684454,0.029738665753818092,0.043696519592873205,0.046953238796360076,3.12884541E9,0.05947317330435762,0.08969337318650682,0.09266867417234921
LDAEXP-83,"[""success""]",movielens-1m,SNMFEst,32.0,128.0,0.001,99.0,0.5469039735099338,0.06775791895239781,0.06446104589114195,0.039964349659784515,0.06941517500975687,0.06705855511126349,4.203564202E9,0.08403085876304964,0.14615239275181924,0.13934397989611338
LDAEXP-80,"[""success""]",movielens-1m,MFEst,32.0,64.0,0.001,85.0,0.5527980132450331,0.06697929569987612,0.06421202419067948,0.04122677605188381,0.0693028183626311,0.0661926194355208,2.764130162E9,0.08612727748607969,0.1464909931104851,0.1383660901748154
LDAEXP-79,"[""success""]",movielens-1m,SNMFEst,8.0,64.0,0.001,73.0,0.4574337748344371,0.05266324544328438,0.05288153681963714,0.032059473979990406,0.05004237019010595,0.0502985914249789,2.764130162E9,0.06596855369773791,0.10952498310524343,0.10968649186131947
LDAEXP-78,"[""success""]",movielens-1m,SNMFEst,16.0,64.0,0.001,99.0,0.5211423841059603,0.06243142806582906,0.06115261472785486,0.03792421549759946,0.06487297202219204,0.06269541377333952,3.12884541E9,0.0784936488722035,0.1324299506843707,0.13097423334011846
LDAEXP-77,"[""success""]",movielens-1m,NMFEst,32.0,128.0,0.001,22.0,0.33935430463576155,0.031905857370376926,0.03231945926716471,0.02358829907602524,0.032113538964211166,0.03328981792978807,3.12884541E9,0.04563976556736544,0.06430926527900378,0.06465183370436864
LDAEXP-73,"[""success""]",movielens-1m,SNMFEst,32.0,128.0,0.001,99.0,0.5429139072847682,0.06680233586975756,0.06508360014229811,0.03973102254503001,0.06867049333318245,0.06642850218269548,2.764130162E9,0.0834061449217973,0.14542610382773744,0.13964157979506928
LDAEXP-69,"[""success""]",movielens-1m,MFEst,4.0,64.0,0.001,57.0,0.42135761589403975,0.044487701291806764,0.04400569192458201,0.029515732625509834,0.04361240276547323,0.04639593896437115,3.12884541E9,0.059547403136540625,0.08989954248664178,0.0909708133395235
LDAEXP-67,"[""success""]",movielens-1m,MFEst,16.0,64.0,0.001,58.0,0.5255463576158941,0.06490886568748894,0.06213091426538599,0.03822000557217206,0.06462868185991219,0.06408401281875223,2.764130162E9,0.07931334142188048,0.14085113925600115,0.13197349131064864
LDAEXP-66,"[""success""]",movielens-1m,NMFEst,32.0,128.0,0.001,24.0,0.33935430463576155,0.03176428950628207,0.03267520455353967,0.02360279457709275,0.032253511586677615,0.032987172470769495,4.203564202E9,0.04563976556736544,0.06391640483417439,0.06539795867753234
LDAEXP-60,"[""success""]",movielens-1m,SNMFEst,8.0,64.0,0.001,76.0,0.46529801324503306,0.05275172535834366,0.052027748132337244,0.033386787669433156,0.05316652537168051,0.053639374276970055,4.203564202E9,0.06708908836200671,0.11067803161316021,0.10854230754218694
LDAEXP-59,"[""success""]",movielens-1m,NMFEst,4.0,128.0,0.001,23.0,0.33945364238410597,0.03188816138736507,0.03338669512628958,0.02328311961115833,0.03209015546396256,0.03294706972894793,4.203564202E9,0.04558417603877608,0.06410345192806775,0.06631155594594505
LDAEXP-57,"[""success""]",movielens-1m,NMFEst,8.0,128.0,0.001,22.0,0.3395033112582782,0.032224385064590334,0.03319103521878335,0.023692768239044853,0.03292546673592397,0.033444657142328506,2.764130162E9,0.045466918799991034,0.06483862418962265,0.0661038708522031
LDAEXP-56,"[""success""]",movielens-1m,NMFEst,8.0,128.0,0.001,23.0,0.3397516556291391,0.032100513183507345,0.03340448239060833,0.023533824364073086,0.03263057563796052,0.03307532248535887,4.203564202E9,0.04557777228231913,0.06512455800059627,0.06651626151351081
LDAEXP-55,"[""success""]",movielens-1m,SNMFEst,16.0,128.0,0.001,94.0,0.5177980132450332,0.06301539550522033,0.06072572038420491,0.03724868437951745,0.0621968631006752,0.06189060309717849,4.203564202E9,0.0774167334122997,0.13450791091796713,0.1290715756968553
LDAEXP-52,"[""success""]",movielens-1m,SNMFEst,8.0,128.0,0.001,85.0,0.452682119205298,0.05161918244558484,0.05088936321593739,0.031675867695769355,0.04972711389620897,0.048818826212554046,2.764130162E9,0.06510333205360673,0.10843523129451044,0.10557488298717056
LDAEXP-49,"[""success""]",movielens-1m,NMFEst,8.0,128.0,0.001,22.0,0.3390728476821192,0.03217129711555477,0.03306652436855212,0.0235538452886284,0.03263710518936766,0.03346042368860543,3.12884541E9,0.04559873771913386,0.06476823531857902,0.06619860027590796
LDAEXP-46,"[""success""]",movielens-1m,MFEst,32.0,64.0,0.001,75.0,0.55158940397351,0.06568748894001061,0.0647100675916044,0.04108221571918791,0.0670923110560218,0.06481562916158676,3.12884541E9,0.08530471628140415,0.14509993633282314,0.1371015670698102
LDAEXP-45,"[""success""]",movielens-1m,NMFEst,16.0,64.0,0.001,23.0,0.33973509933774837,0.03222438506459034,0.033422269654927075,0.023558387888013933,0.03244354996998022,0.03337696177276792,4.203564202E9,0.04557741598132264,0.06502462549047087,0.06640111363367275
LDAEXP-44,"[""success""]",movielens-1m,NMFEst,4.0,128.0,0.001,22.0,0.3392880794701987,0.03176428950628207,0.033084311632870865,0.02322672162897799,0.032002930427082056,0.032548754829638225,3.12884541E9,0.04560919918501124,0.06371038078788782,0.06631117110373745
LDAEXP-34,"[""success""]",movielens-1m,NMFEst,8.0,64.0,0.001,23.0,0.3390397350993377,0.032135905149531054,0.033333333333333326,0.023309820191142985,0.03232814339733514,0.03270259960496875,4.203564202E9,0.045475069650265126,0.0641045978981729,0.06659893119918446
LDAEXP-32,"[""success""]",movielens-1m,SNMFEst,4.0,64.0,0.001,67.0,0.4253145695364239,0.046027251813838266,0.04621131270010671,0.03028789755318281,0.04619099915694327,0.046642123940464734,2.764130162E9,0.060499024786917766,0.0963572035636324,0.09721855768415998
LDAEXP-28,"[""success""]",movielens-1m,NMFEst,32.0,64.0,0.001,23.0,0.33935430463576155,0.031658113608210935,0.03271077908217716,0.0235942666041735,0.03223841637671312,0.03301870651086049,4.203564202E9,0.04563976556736544,0.06384203318839946,0.06533231724904642
LDAEXP-27,"[""success""]",movielens-1m,PopEst,,,,,0.339635761589404,0.03215360113254291,0.033084311632870865,0.02370560666001637,0.03285799284849647,0.03348818453651896,3.12884541E9,0.0455569867083523,0.06453161562965001,0.06590754557583513
LDAEXP-25,"[""success""]",movielens-1m,SNMFEst,8.0,128.0,0.001,94.0,0.46605960264900664,0.052096973986904965,0.05215225898256849,0.03345722781035973,0.05242573713916103,0.05289113783624777,4.203564202E9,0.06740123717466559,0.11000103931677731,0.10916160701420789
LDAEXP-23,"[""success""]",movielens-1m,NMFEst,4.0,128.0,0.001,22.0,0.34014900662251657,0.03231286497964962,0.03303094983991462,0.02334356183418767,0.03223877513663842,0.03292721930351479,2.764130162E9,0.04572985519325778,0.06477463877515129,0.06604726161147996
LDAEXP-21,"[""success""]",movielens-1m,NMFEst,4.0,64.0,0.001,19.0,0.337317880794702,0.03231286497964962,0.033279971540377096,0.022286051637774962,0.03043229362575439,0.03105730466010589,2.764130162E9,0.0449330781791142,0.06472007767054452,0.06720631606141236
LDAEXP-17,"[""success""]",movielens-1m,MFEst,16.0,64.0,0.001,58.0,0.5283609271523179,0.06411254645195541,0.06266453219494843,0.03825750374941588,0.06523802362969984,0.06395733483162917,3.12884541E9,0.08034478321362674,0.13812951301300305,0.13445481628386607
LDAEXP-14,"[""success""]",movielens-1m,SNMFEst,32.0,64.0,0.001,98.0,0.5533940397350994,0.06846575827287206,0.0664532194948417,0.0406592700551351,0.07038608246381106,0.06851065755902132,4.203564202E9,0.08569865213139467,0.14865930582687747,0.14380315062738877
LDAEXP-12,"[""success""]",movielens-1m,SNMFEst,8.0,128.0,0.001,79.0,0.4581622516556292,0.04999115200849407,0.050693703308431155,0.032752398271462334,0.051902533502920636,0.051925762336961875,3.12884541E9,0.06528033139893873,0.10409436039282917,0.10621993661645769
LDAEXP-9,"[""success""]",movielens-1m,MFEst,4.0,64.0,0.001,54.0,0.4453807947019867,0.04924792072199611,0.04870152970473141,0.031369216025726204,0.05000020201096474,0.05049525607653776,2.764130162E9,0.06342066237994456,0.1032916066838732,0.10308985028003385
LDAEXP-8,"[""success""]",movielens-1m,NMFEst,16.0,128.0,0.001,22.0,0.33857615894039733,0.03215360113254291,0.03324439701173959,0.023713309554067162,0.03291419641447862,0.0334608361858127,2.764130162E9,0.04527376327498717,0.06406623671355441,0.06647439034115436
LDAEXP-7,"[""success""]",movielens-1m,NMFEst,8.0,64.0,0.001,21.0,0.3391390728476821,0.03210051318350734,0.03299537531127712,0.023589727095882487,0.03267872994996639,0.033155193600041044,2.764130162E9,0.045454461770245064,0.06436877648984687,0.06507305727469795
LDAEXP-6,"[""success""]",movielens-1m,NMFEst,16.0,128.0,0.001,22.0,0.33935430463576155,0.03222438506459034,0.03319103521878335,0.023619014876712,0.03237144646078596,0.03322953214275206,3.12884541E9,0.04563976556736544,0.06523530374043421,0.06628862547265675
LDAEXP-5,"[""success""]",movielens-1m,NMFEst,4.0,64.0,0.001,20.0,0.3384933774834437,0.03192355335338878,0.033013162575595875,0.02088246034358068,0.0294803757389204,0.030094495881842015,4.203564202E9,0.04554480863653637,0.06346661128969036,0.06654525038664277
LDAEXP-1,"[""success""]",movielens-1m,PopEst,,,,,0.339635761589404,0.03215360113254291,0.033084311632870865,0.02370560666001637,0.03285799284849647,0.03348818453651896,4.203564202E9,0.0455569867083523,0.06453161562965001,0.06590754557583513
LDAEXP-33,"[""lda-cmp"",""success""]",movielens-100k,PopEst,,,,,0.3285245901639344,0.026798561151079137,0.03114754098360656,0.02613680894274152,0.042216670962259555,0.03706879325627408,3.12884541E9,0.054219027486253915,0.06938636154013852,0.07263532518781296
LDAEXP-31,"[""lda-cmp"",""success""]",movielens-100k,MFEst,16.0,128.0,0.001,96.0,0.43655737704918035,0.04244604316546763,0.04517304189435337,0.03508683862330388,0.056757706302840466,0.04686669424630091,3.12884541E9,0.07269708802988117,0.11502348820244504,0.11171922472972229
LDAEXP-29,"[""lda-cmp"",""success""]",movielens-100k,MFEst,4.0,128.0,0.001,86.0,0.37098360655737705,0.04010791366906475,0.04153005464480874,0.030170787567041227,0.054382781637963756,0.04930393062076272,3.12884541E9,0.0630296488615831,0.10772362130275799,0.09999604380536219
LDAEXP-26,"[""lda-cmp"",""success""]",movielens-100k,MFEst,8.0,128.0,0.001,72.0,0.3878688524590164,0.040467625899280574,0.0429872495446266,0.03192969853393308,0.05497850219722159,0.04737751207920699,3.12884541E9,0.06750024040007976,0.11340245309775566,0.1107229045573883
LDAEXP-24,"[""lda-cmp"",""success""]",movielens-100k,LDA4RecEst,16.0,128.0,0.001,,0.46442622950819673,0.04424460431654677,0.046994535519125684,0.03817354068244865,0.050152710372278475,0.05840707807126917,3.12884541E9,0.0825965751347186,0.10613420352628986,0.12578314097943089
LDAEXP-22,"[""lda-cmp"",""success""]",movielens-100k,LDA4RecEst,4.0,128.0,0.001,,0.42639344262295087,0.04586330935251799,0.048816029143898,0.034829562308630116,0.0563067352987682,0.0662360776523872,3.12884541E9,0.07660440432972206,0.133677980193268,0.13072805851781977
LDAEXP-20,"[""lda-cmp"",""success""]",movielens-100k,LDA4RecEst,8.0,128.0,0.001,,0.41918032786885245,0.04640287769784173,0.0459016393442623,0.034740040676912096,0.04334232202316639,0.05352440146766838,3.12884541E9,0.07296802606063649,0.11546518778982809,0.11968246830556292
LDAEXP-156,"[""success""]",goodbooks,NMFEst,8.0,64.0,0.001,74.0,0.22598270440251572,0.019205797976747697,0.019011492951367268,0.007109378985519336,0.010110933927262247,0.010099561782193227,4.203564202E9,0.022426077900679877,0.03329870203791909,0.033084968033866825
LDAEXP-155,"[""success""]",goodbooks,NMFEst,16.0,64.0,0.001,99.0,0.25930855046421086,0.02269741808847954,0.02270093793051388,0.011878878150434806,0.01652266165707422,0.01662924297953894,3.12884541E9,0.02589529116466609,0.03958809596287004,0.039667232085644384
LDAEXP-154,"[""success""]",goodbooks,SNMFEst,4.0,128.0,0.001,71.0,0.4088143905360886,0.0407481503850219,0.04082545433957992,0.02089557037527959,0.03602780362384957,0.035892417718561366,2.764130162E9,0.041177870381672935,0.07198859610439466,0.07259187702722569
LDAEXP-149,"[""success""]",goodbooks,MFEst,32.0,128.0,0.001,53.0,0.5387952979934112,0.062696285671146,0.06316971446904074,0.028568463762522183,0.05540722519445975,0.05579049912291359,2.764130162E9,0.056413348802941396,0.11402924040124172,0.11537907837348921
LDAEXP-148,"[""success""]",goodbooks,SNMFEst,4.0,64.0,0.001,66.0,0.3875617699910153,0.038664502491318135,0.03860235143142916,0.020019263279879095,0.034646156945313575,0.034768014613039896,4.203564202E9,0.03901602517688571,0.06817701358810051,0.0684984219849304
LDAEXP-147,"[""success""]",goodbooks,MFEst,4.0,128.0,0.001,45.0,0.4103455375861036,0.04080665861392119,0.04103870614655872,0.02106028552888,0.03573329581838023,0.03595017919586129,4.203564202E9,0.04137660889726773,0.07176362102216521,0.07249028090694978
LDAEXP-146,"[""success""]",goodbooks,NMFEst,16.0,64.0,0.001,99.0,0.26042228212039525,0.022988071870753433,0.022910415369227576,0.011853524932458786,0.016412254305895085,0.016611169752402413,4.203564202E9,0.026028160958564715,0.04005516928465088,0.04016483868232482
LDAEXP-142,"[""success""]",goodbooks,NMFEst,4.0,128.0,0.001,15.0,0.2456873315363882,0.022053827570587346,0.02183094604540565,0.008164280944220049,0.012311188370375597,0.012295783025652327,4.203564202E9,0.02452515086208695,0.038183147360973516,0.03794739750759479
LDAEXP-141,"[""success""]",goodbooks,NMFEst,8.0,128.0,0.001,78.0,0.2285920185684337,0.018469726709950177,0.018358527241502953,0.010492191863492492,0.01474902390488864,0.014737731111488137,2.764130162E9,0.022735409683682588,0.032043730197792795,0.03228111852055986
LDAEXP-138,"[""success""]",goodbooks,MFEst,8.0,64.0,0.001,41.0,0.46589922132374956,0.04931300015098898,0.049715978788050355,0.024383142573219947,0.044399128972932037,0.044626397508104806,4.203564202E9,0.048237341056057426,0.08878208589533762,0.09001456998137936
LDAEXP-137,"[""success""]",goodbooks,SNMFEst,8.0,128.0,0.001,70.0,0.4515760706798443,0.04715763249282802,0.04743248598765782,0.023438670058746176,0.0419177614782919,0.04243464144901528,4.203564202E9,0.04613025621292633,0.08407646633749576,0.08509548545603694
LDAEXP-136,"[""success""]",goodbooks,MFEst,16.0,128.0,0.001,48.0,0.5058924827792752,0.056741657858976294,0.057126950876597034,0.026693221930003556,0.05071553379770532,0.05087519415784132,2.764130162E9,0.05272502543219241,0.10316299206220747,0.10374709479122879
LDAEXP-135,"[""success""]",goodbooks,SNMFEst,16.0,128.0,0.001,67.0,0.4974430967355496,0.05533934772761589,0.055654947253203496,0.026191277185075596,0.049011173785236575,0.04912201478776067,2.764130162E9,0.05180161406959323,0.1002814827571441,0.10099261089209817
LDAEXP-133,"[""success""]",goodbooks,NMFEst,32.0,64.0,0.001,99.0,0.30568658280922434,0.02790465046051638,0.027977504765139934,0.017802143991188617,0.02802943375931021,0.028262458836004842,2.764130162E9,0.030777691642930132,0.04925033272675402,0.049487908765549884
LDAEXP-129,"[""success""]",goodbooks,SNMFEst,32.0,64.0,0.001,64.0,0.5271226415094338,0.06095802506417032,0.061001339900734114,0.02801212176644277,0.05407701921629595,0.0535970502550546,2.764130162E9,0.05518389624049441,0.11097124588693352,0.11110635670653296
LDAEXP-127,"[""success""]",goodbooks,SNMFEst,32.0,64.0,0.001,64.0,0.5306734800838575,0.06190925562433943,0.06149955651172885,0.02818246109462256,0.05438556676840287,0.0542764875233139,4.203564202E9,0.055525165927083425,0.11257438794357544,0.11211899198492317
LDAEXP-122,"[""success""]",goodbooks,MFEst,32.0,64.0,0.001,50.0,0.5315906708595388,0.06218669787105541,0.061729792975900664,0.02823618083318113,0.05487333560569651,0.05496779733360867,3.12884541E9,0.055595052524342256,0.11349316650828319,0.1125363818005259
LDAEXP-121,"[""success""]",goodbooks,NMFEst,8.0,128.0,0.001,79.0,0.2323225516621743,0.018414993205496,0.018384947819358736,0.010502158766413566,0.014820650174245168,0.014938581745893244,4.203564202E9,0.02311263112486505,0.03205713825733132,0.032222500975166324
LDAEXP-112,"[""success""]",goodbooks,MFEst,16.0,64.0,0.001,44.0,0.5033018867924528,0.056101842065529206,0.05661741116080696,0.026566662423164897,0.049816743244453926,0.05019566594194123,2.764130162E9,0.052495016776289,0.10184038552630402,0.10306290192529578
LDAEXP-110,"[""success""]",goodbooks,MFEst,32.0,128.0,0.001,52.0,0.5366445792153339,0.0631605767778952,0.06284134442997605,0.028529232543170826,0.05590754026172709,0.05607966249395453,3.12884541E9,0.05614034807795989,0.1149741917785378,0.11462901378703753
LDAEXP-109,"[""success""]",goodbooks,MFEst,16.0,64.0,0.001,47.0,0.5029537286612759,0.05621885852332779,0.05616071260072846,0.026587389272453753,0.05063177255427662,0.050673397821442714,4.203564202E9,0.05243810533380032,0.101681933742195,0.10237928210808718
LDAEXP-107,"[""success""]",goodbooks,NMFEst,8.0,128.0,0.001,82.0,0.24450995807127884,0.019101993054507018,0.018988846741776595,0.010361871694241003,0.014996628556068042,0.015121218019978355,3.12884541E9,0.024396251591045037,0.03334846132968874,0.03356583243716559
LDAEXP-102,"[""success""]",goodbooks,SNMFEst,32.0,128.0,0.001,75.0,0.532432988918838,0.06231126377774422,0.06276019551227613,0.028302789592947634,0.05539076166303437,0.055048145949032914,3.12884541E9,0.055752449633435244,0.11387194790035325,0.11460495982255405
LDAEXP-101,"[""success""]",goodbooks,SNMFEst,16.0,64.0,0.001,69.0,0.49987646001796954,0.055690397101011625,0.055800260431410294,0.02632706658589704,0.049394405732557135,0.049670793817646684,3.12884541E9,0.05210860461727507,0.1012709446055445,0.10165237229909863
LDAEXP-97,"[""success""]",goodbooks,SNMFEst,4.0,64.0,0.001,70.0,0.4053721174004193,0.040068699984901104,0.04004604729283436,0.020666665915110283,0.03570363051887777,0.035840674121551806,3.12884541E9,0.040799975838731045,0.07053203598399539,0.0710667588778441
LDAEXP-95,"[""success""]",goodbooks,SNMFEst,8.0,128.0,0.001,69.0,0.4467037286612759,0.046917937490563194,0.04671913038555171,0.023452317087325945,0.04177806047453135,0.04185372907430857,3.12884541E9,0.04592637387785682,0.08436298701302399,0.08449244137882593
LDAEXP-93,"[""success""]",goodbooks,NMFEst,4.0,64.0,0.001,13.0,0.22476789457921534,0.018150762494337915,0.017877295287701225,0.010504109614595789,0.014236771624745908,0.01438794781342206,3.12884541E9,0.02232009549607996,0.03143669660470515,0.03128559473499807
LDAEXP-92,"[""success""]",goodbooks,NMFEst,32.0,128.0,0.001,90.0,0.307696915244085,0.028206628416125624,0.028222838702372192,0.018152604079619303,0.028605547223947737,0.02876593845895637,2.764130162E9,0.030998990988189642,0.04982548703794186,0.049883385885677416
LDAEXP-91,"[""success""]",goodbooks,MFEst,32.0,64.0,0.001,51.0,0.5346735549565738,0.061950777593235695,0.06215440940572572,0.028391852715220725,0.05503139781444636,0.05471788494489132,4.203564202E9,0.055973660937563646,0.11300367700456017,0.11297795404277985
LDAEXP-90,"[""success""]",goodbooks,SNMFEst,8.0,64.0,0.001,57.0,0.4465876759508835,0.046447984297146305,0.04663609428371926,0.02345705467806669,0.04147095828624821,0.04180070314363185,3.12884541E9,0.04584126078269071,0.08320423047049731,0.08391064613737326
LDAEXP-89,"[""success""]",goodbooks,SNMFEst,8.0,64.0,0.001,64.0,0.4528676250374364,0.04723690170617544,0.047185264866293,0.0235802780019574,0.041895255633051305,0.04239799370926396,4.203564202E9,0.046466438442796486,0.08438869727226202,0.08532598723329719
LDAEXP-87,"[""success""]",goodbooks,NMFEst,16.0,64.0,0.001,99.0,0.2581012279125487,0.022857843877396953,0.023057615731566932,0.01193871151987777,0.01637523524336929,0.0165419946578014,2.764130162E9,0.02578681606517093,0.039651451037726916,0.0402296611970759
LDAEXP-85,"[""success""]",goodbooks,NMFEst,32.0,128.0,0.001,94.0,0.3053964510332435,0.02841046353616186,0.028268131121553526,0.018258546898007117,0.028451475701981165,0.028688484914882073,4.203564202E9,0.030771644384660426,0.05019151513616269,0.0500121960219891
LDAEXP-84,"[""success""]",goodbooks,NMFEst,32.0,64.0,0.001,96.0,0.30268605870020965,0.027430922542654387,0.027432108550831304,0.017745272262512175,0.027825988854863315,0.02796552134254364,3.12884541E9,0.030486470138435116,0.04846566560130477,0.048498243373602895
LDAEXP-82,"[""success""]",goodbooks,MFEst,4.0,64.0,0.001,38.0,0.42861260856543876,0.04311490261210932,0.04301836230160977,0.022123069700304702,0.037784089138539215,0.03802175048431955,2.764130162E9,0.04382261404643501,0.07694384320657735,0.07739669945879196
LDAEXP-81,"[""success""]",goodbooks,SNMFEst,32.0,128.0,0.001,74.0,0.5322308325846061,0.06231315113996677,0.0622147992979675,0.02824155057916143,0.0552611971991208,0.05484068941013978,2.764130162E9,0.05572662772455361,0.11395054977970685,0.1131794621778078
LDAEXP-76,"[""success""]",goodbooks,MFEst,16.0,128.0,0.001,47.0,0.502541928721174,0.0561471387588706,0.0562739436486818,0.026486877531616194,0.0503960548209452,0.050669736002164664,4.203564202E9,0.05241130802415756,0.10154652683099119,0.10263975674357376
LDAEXP-75,"[""success""]",goodbooks,PopEst,,,,,0.29785489667565146,0.026989279782575877,0.027079205118043365,0.01545429853492537,0.02369667526260486,0.02391773033826266,3.12884541E9,0.029935229371552397,0.047701945965378426,0.04786734142842984
LDAEXP-74,"[""success""]",goodbooks,MFEst,8.0,128.0,0.001,44.0,0.46743785564540286,0.049743318737732155,0.04983487138840137,0.02442334709688622,0.0448541503881556,0.04468271708473066,4.203564202E9,0.04841340663398961,0.08997055090753744,0.0901152163847187
LDAEXP-72,"[""success""]",goodbooks,NMFEst,4.0,128.0,0.001,15.0,0.24801961665169212,0.02246338517288238,0.022055520957179792,0.008230886662094325,0.012474576907158492,0.012433729596101433,3.12884541E9,0.024769731426336636,0.03913703446083088,0.0384198409644809
LDAEXP-71,"[""success""]",goodbooks,MFEst,8.0,64.0,0.001,42.0,0.45889862234201856,0.04767288237958629,0.04788918454773631,0.024060810957951526,0.04313136377869323,0.04328773862560134,2.764130162E9,0.047593236871808386,0.0862531295497324,0.08639680193993018
LDAEXP-70,"[""success""]",goodbooks,NMFEst,16.0,128.0,0.001,99.0,0.2941711590296496,0.02631926619356787,0.02625828002038159,0.012310250785191122,0.019643517139295956,0.019752216335191575,3.12884541E9,0.029586350830619036,0.046323164488831586,0.04608957965819461
LDAEXP-68,"[""success""]",goodbooks,MFEst,32.0,128.0,0.001,52.0,0.5387447589098533,0.0628170768533897,0.0630055294495084,0.028580588262474945,0.055775055581771926,0.05574863883388824,4.203564202E9,0.05634517273885603,0.11426998748104564,0.1150407633637826
LDAEXP-65,"[""success""]",goodbooks,MFEst,8.0,128.0,0.001,44.0,0.46164457921533397,0.04827306356635966,0.04826473419011493,0.024138359239174605,0.043280875525478345,0.04363308819011952,2.764130162E9,0.04786343412644689,0.0871460166953923,0.08721680210638476
LDAEXP-64,"[""success""]",goodbooks,SNMFEst,4.0,128.0,0.001,74.0,0.3894448188080264,0.03854748603351956,0.03853063843439205,0.020012548000275954,0.03450952321614336,0.034615865042018454,4.203564202E9,0.03926790586788843,0.06784324586606463,0.06832625660982071
LDAEXP-63,"[""success""]",goodbooks,MFEst,4.0,64.0,0.001,45.0,0.42153339323150646,0.04179374905631889,0.042155919153031754,0.021687342749642704,0.037419463978606994,0.03753764104577777,3.12884541E9,0.04312718184993433,0.07463998565758753,0.07558091595934867
LDAEXP-62,"[""success""]",goodbooks,NMFEst,8.0,64.0,0.001,74.0,0.22745395327942497,0.01933036388343651,0.019260601256864636,0.007130007022049813,0.01017218829337481,0.010124030734941395,3.12884541E9,0.0225858875654147,0.03341368448530377,0.0333102283741785
LDAEXP-61,"[""success""]",goodbooks,NMFEst,32.0,128.0,0.001,88.0,0.30343291404612155,0.02763098293824551,0.027611391043424104,0.018034704168373234,0.028267079918342344,0.028444013404952152,3.12884541E9,0.03057619854364842,0.04887719216506598,0.04884699099781168
LDAEXP-58,"[""success""]",goodbooks,SNMFEst,32.0,64.0,0.001,65.0,0.5292490266546871,0.06171674467763853,0.06154484893091019,0.028156442512954277,0.054735427834323,0.054543789265509596,3.12884541E9,0.05544787855158227,0.11252071168323631,0.11249094242815352
LDAEXP-54,"[""success""]",goodbooks,NMFEst,8.0,64.0,0.001,78.0,0.2207359988020365,0.01845462781216971,0.018073562437487027,0.0069623289421721,0.009833781020428707,0.009798245402017555,2.764130162E9,0.02191940519191705,0.03201583079068291,0.03125010359857337
LDAEXP-53,"[""success""]",goodbooks,NMFEst,32.0,64.0,0.001,99.0,0.3036013776579814,0.02794051034274498,0.027888807110909814,0.017871561000336152,0.027952602231536606,0.028130928201548465,4.203564202E9,0.030564930454392025,0.049344085308285934,0.04938444840972584
LDAEXP-51,"[""success""]",goodbooks,MFEst,4.0,128.0,0.001,45.0,0.430256064690027,0.04302808394987166,0.04321085508313046,0.02206538164822136,0.03823180254636148,0.03852973621470992,3.12884541E9,0.04386213123727438,0.07664392826907204,0.07720878678590738
LDAEXP-50,"[""success""]",goodbooks,MFEst,8.0,128.0,0.001,41.0,0.46527216232404905,0.0494413407821229,0.04947630640321576,0.02441061799312891,0.04457377446920823,0.04438013800607012,3.12884541E9,0.04824472244688074,0.08933892938062343,0.08976316671010752
LDAEXP-48,"[""success""]",goodbooks,SNMFEst,8.0,128.0,0.001,64.0,0.44351227912548663,0.04608749811263778,0.046143539225122196,0.023245041913495926,0.04131997411232301,0.041614359603363835,2.764130162E9,0.04559409971904774,0.08244426213227561,0.08332644387176442
LDAEXP-47,"[""success""]",goodbooks,NMFEst,16.0,128.0,0.001,99.0,0.29483565438754117,0.026598595802506415,0.026435675328841838,0.012516026523366301,0.01990613674135901,0.020044915713018127,2.764130162E9,0.02965170324604768,0.04693400274909066,0.046623204631867074
LDAEXP-43,"[""success""]",goodbooks,SNMFEst,8.0,64.0,0.001,64.0,0.4468478586403115,0.046312094217122145,0.04634358074317311,0.023402262449175776,0.04166710839410308,0.04207929341489264,2.764130162E9,0.046024739636001795,0.08318228398792397,0.0838739523462372
LDAEXP-42,"[""success""]",goodbooks,SNMFEst,16.0,64.0,0.001,60.0,0.4965745732255166,0.05495621319643666,0.055215233350317985,0.02620241286311119,0.048623767291494854,0.0489970348623879,2.764130162E9,0.051751796864989055,0.09982281878488336,0.09997886144254976
LDAEXP-41,"[""success""]",goodbooks,NMFEst,16.0,128.0,0.001,99.0,0.2917041030248577,0.026434395289143896,0.02625073128385137,0.012372955186936145,0.019939861967236256,0.019945486066045195,4.203564202E9,0.029343069586931225,0.04656541931383781,0.046318710166639465
LDAEXP-40,"[""success""]",goodbooks,MFEst,4.0,128.0,0.001,42.0,0.43437780772686435,0.043967990336705426,0.04404499046972013,0.022393791789154724,0.03868411000833377,0.03890061136636588,2.764130162E9,0.044420633181499865,0.07855893636527468,0.07912413665460606
LDAEXP-39,"[""success""]",goodbooks,MFEst,16.0,128.0,0.001,46.0,0.5040974094040132,0.05640004529669334,0.056730642208760305,0.02658194715064587,0.05069134667849518,0.05092995182086369,3.12884541E9,0.05252262255309187,0.10230761238350376,0.10292541091891161
LDAEXP-38,"[""success""]",goodbooks,PopEst,,,,,0.29785489667565146,0.026989279782575877,0.027079205118043365,0.01545429853492537,0.02369667526260486,0.02391773033826266,4.203564202E9,0.029935229371552397,0.047701945965378426,0.04786734142842984
LDAEXP-37,"[""success""]",goodbooks,PopEst,,,,,0.29785489667565146,0.026989279782575877,0.027079205118043365,0.01545429853492537,0.02369667526260486,0.02391773033826266,2.764130162E9,0.029935229371552397,0.047701945965378426,0.04786734142842984
LDAEXP-36,"[""success""]",goodbooks,NMFEst,4.0,64.0,0.001,14.0,0.22010519616651691,0.01726370224973577,0.017029949612183664,0.01039902008796852,0.014116144805821457,0.01426485890980768,4.203564202E9,0.021803160476501666,0.030073680923993113,0.029801356533730217
LDAEXP-35,"[""success""]",goodbooks,SNMFEst,16.0,128.0,0.001,66.0,0.49179956573824496,0.053971010116261514,0.05373379380626167,0.026005021597009674,0.04826224742909953,0.04832384686166747,4.203564202E9,0.05134005149550693,0.09762149386646181,0.09759208409466492
LDAEXP-30,"[""success""]",goodbooks,MFEst,32.0,64.0,0.001,48.0,0.5329065588499551,0.06152989581760531,0.06156372077223574,0.02831148745923123,0.0548227084078511,0.05480343976748751,2.764130162E9,0.05577511325793317,0.11268029197139039,0.11212609110086678
LDAEXP-19,"[""success""]",goodbooks,NMFEst,4.0,64.0,0.001,14.0,0.22070792153339325,0.01752415823644874,0.017371529940176263,0.010420625147684886,0.01420908159141641,0.014263082689449851,2.764130162E9,0.02186671673857661,0.030409654878723234,0.030376736762895568
LDAEXP-18,"[""success""]",goodbooks,MFEst,16.0,64.0,0.001,45.0,0.5065157981431567,0.05646610297448287,0.056774047443809095,0.026634364836126304,0.05053569108618509,0.05097961187358166,3.12884541E9,0.052805746320034076,0.10222957274438131,0.10330201753313357
LDAEXP-16,"[""success""]",goodbooks,NMFEst,4.0,128.0,0.001,15.0,0.24737009583707698,0.022438849463989132,0.02198192077601012,0.008229297903630068,0.012465947876031844,0.012434466019781576,2.764130162E9,0.024682648331993545,0.03893461918334577,0.038309181377881245
LDAEXP-15,"[""success""]",goodbooks,MFEst,8.0,64.0,0.001,39.0,0.46333295896975146,0.04928091499320549,0.048851648455339784,0.024323481377520776,0.04400567233933387,0.04370482649582785,3.12884541E9,0.0480185929165233,0.08890907202862922,0.08849485870667524
LDAEXP-13,"[""success""]",goodbooks,SNMFEst,4.0,64.0,0.001,64.0,0.40848307876609763,0.041048240978408576,0.04091226480967748,0.020912214508026952,0.03596081603878173,0.0357513870949814,2.764130162E9,0.0410667969079961,0.07251975893581628,0.0725838406713985
LDAEXP-11,"[""success""]",goodbooks,MFEst,4.0,64.0,0.001,41.0,0.4029967804731956,0.03973463687150838,0.04011964747400404,0.020809477725073158,0.03521567983784801,0.03522709224017255,4.203564202E9,0.040645601423699745,0.0701657586131173,0.07120909153146392
LDAEXP-10,"[""success""]",goodbooks,SNMFEst,16.0,64.0,0.001,64.0,0.4936058700209644,0.0540163068096029,0.053730019437996566,0.026088524938767958,0.04832295768713168,0.04811406178231731,4.203564202E9,0.051476423722446416,0.09797083033660836,0.09752542951920827
LDAEXP-4,"[""success""]",goodbooks,SNMFEst,4.0,128.0,0.001,73.0,0.40769129979035645,0.04011399667824248,0.04022721696955973,0.0208059833833913,0.03604755565228523,0.03618610619242907,3.12884541E9,0.04102783978197758,0.07071405510137847,0.07139794789150661
LDAEXP-3,"[""success""]",goodbooks,SNMFEst,32.0,128.0,0.001,70.0,0.5345088349805331,0.06214328853993657,0.06257713865141823,0.02841053493088175,0.05505179567898687,0.05523387776494771,4.203564202E9,0.055963491066162246,0.11303547487668832,0.11411448809002096
LDAEXP-2,"[""success""]",goodbooks,SNMFEst,16.0,128.0,0.001,69.0,0.4959550014974543,0.055227993356484976,0.055098227934099527,0.026164634296449923,0.04871610827052302,0.04883751069385071,3.12884541E9,0.05165902516543294,0.10049751550532031,0.10030079948891008
